Student_ID,Predicted_Placement
15202,Placed
4573,Not Placed
34424,Not Placed
38881,Placed
30191,Not Placed
13635,Not Placed
24929,Placed
32313,Not Placed
7207,Not Placed
6914,Not Placed
27120,Placed
13254,Not Placed
49098,Not Placed
47647,Not Placed
43993,Not Placed
5880,Placed
25053,Not Placed
42721,Not Placed
16836,Placed
41937,Not Placed
92,Not Placed
10986,Not Placed
24809,Not Placed
25401,Not Placed
49171,Not Placed
2292,Placed
1475,Not Placed
14063,Not Placed
23952,Placed
48965,Placed
33355,Placed
2458,Not Placed
35493,Not Placed
8793,Placed
32631,Not Placed
28635,Not Placed
12101,Placed
1428,Placed
13331,Placed
30651,Placed
22713,Not Placed
10684,Not Placed
14465,Not Placed
31755,Not Placed
8948,Not Placed
39625,Not Placed
7568,Placed
35099,Not Placed
10566,Not Placed
36168,Not Placed
13448,Not Placed
1117,Placed
31293,Not Placed
21449,Not Placed
4304,Not Placed
28369,Not Placed
23889,Placed
15183,Not Placed
39133,Placed
33287,Placed
17418,Not Placed
30419,Placed
32680,Not Placed
31232,Placed
8468,Not Placed
29664,Not Placed
16478,Not Placed
6347,Not Placed
185,Not Placed
22234,Not Placed
48374,Not Placed
10708,Not Placed
39441,Not Placed
3627,Not Placed
13089,Placed
42420,Placed
6491,Not Placed
7179,Not Placed
17385,Not Placed
14297,Not Placed
27286,Not Placed
20982,Not Placed
134,Placed
18503,Placed
10535,Not Placed
30506,Placed
20289,Not Placed
26013,Not Placed
3715,Not Placed
49691,Placed
3160,Placed
10462,Placed
29106,Placed
45532,Not Placed
40219,Placed
21128,Not Placed
45159,Not Placed
13093,Placed
35096,Not Placed
35076,Not Placed
26156,Not Placed
21869,Not Placed
46195,Not Placed
16264,Placed
23552,Not Placed
46060,Not Placed
17388,Placed
27486,Not Placed
30324,Placed
17,Placed
28684,Not Placed
28435,Placed
29757,Placed
10385,Not Placed
47418,Placed
38903,Placed
42901,Not Placed
49666,Not Placed
36515,Not Placed
41657,Not Placed
29734,Not Placed
40476,Not Placed
45617,Not Placed
1857,Not Placed
41754,Not Placed
21439,Not Placed
8754,Not Placed
10919,Placed
34427,Not Placed
22757,Not Placed
19642,Placed
42635,Placed
25035,Placed
47664,Not Placed
34396,Not Placed
42687,Not Placed
16860,Not Placed
33952,Not Placed
40897,Not Placed
47817,Not Placed
23693,Not Placed
25800,Placed
7838,Placed
22695,Not Placed
47318,Placed
48952,Not Placed
9467,Placed
49698,Not Placed
46934,Not Placed
14136,Not Placed
40663,Not Placed
44131,Placed
25457,Placed
40863,Not Placed
20931,Placed
22736,Not Placed
35340,Placed
22022,Not Placed
19694,Not Placed
34363,Not Placed
48264,Placed
33610,Not Placed
47509,Placed
33611,Placed
39916,Not Placed
28853,Not Placed
41459,Not Placed
17794,Placed
12374,Not Placed
36279,Not Placed
16410,Not Placed
2967,Not Placed
27344,Placed
1353,Not Placed
2843,Placed
41212,Not Placed
10689,Placed
8364,Not Placed
47906,Not Placed
16567,Not Placed
26756,Placed
3888,Placed
7637,Not Placed
34869,Placed
11220,Not Placed
28728,Not Placed
23983,Placed
47543,Not Placed
12219,Placed
44685,Placed
12976,Not Placed
37418,Not Placed
24258,Not Placed
27170,Not Placed
21044,Not Placed
2943,Not Placed
6975,Placed
9224,Placed
4977,Placed
43577,Not Placed
41858,Not Placed
17773,Placed
30098,Not Placed
26590,Placed
40344,Not Placed
26579,Not Placed
6798,Not Placed
45787,Not Placed
36778,Not Placed
34030,Placed
15013,Not Placed
48193,Not Placed
15346,Not Placed
27248,Not Placed
46022,Placed
47706,Not Placed
43681,Not Placed
14085,Not Placed
48761,Placed
3608,Not Placed
38874,Placed
33797,Not Placed
29626,Not Placed
36562,Not Placed
30937,Placed
9528,Not Placed
5294,Not Placed
34857,Not Placed
34066,Placed
35190,Not Placed
44903,Not Placed
8412,Not Placed
37060,Placed
30058,Not Placed
12185,Placed
30145,Not Placed
21618,Placed
34237,Not Placed
661,Placed
28477,Placed
29227,Placed
25351,Not Placed
962,Not Placed
12336,Not Placed
39261,Placed
10729,Not Placed
23883,Not Placed
22321,Not Placed
2002,Not Placed
34124,Not Placed
32929,Placed
4650,Not Placed
30020,Not Placed
6495,Not Placed
9406,Not Placed
21957,Not Placed
11983,Not Placed
34926,Not Placed
5933,Not Placed
36369,Placed
8790,Not Placed
40586,Not Placed
3333,Placed
23664,Placed
30194,Placed
11410,Not Placed
17745,Placed
31578,Placed
6848,Not Placed
20274,Not Placed
30818,Placed
36512,Placed
6380,Not Placed
10520,Not Placed
8323,Not Placed
10576,Not Placed
7160,Placed
19856,Placed
2641,Not Placed
14259,Placed
19028,Placed
31390,Placed
833,Not Placed
42045,Not Placed
42879,Not Placed
1813,Not Placed
34453,Not Placed
19535,Placed
22132,Placed
6687,Not Placed
24099,Not Placed
41412,Not Placed
41295,Not Placed
33347,Not Placed
6949,Placed
32538,Placed
36519,Not Placed
44653,Not Placed
15623,Not Placed
27210,Not Placed
12388,Not Placed
21335,Not Placed
14255,Not Placed
39462,Not Placed
7361,Not Placed
44157,Not Placed
28255,Placed
18477,Not Placed
43775,Placed
45924,Placed
17372,Placed
35812,Not Placed
4373,Not Placed
33971,Not Placed
28963,Placed
38391,Not Placed
25693,Not Placed
18487,Not Placed
14014,Not Placed
41610,Not Placed
43693,Not Placed
19133,Placed
48972,Not Placed
32195,Not Placed
41394,Not Placed
11952,Not Placed
1083,Placed
5767,Placed
2190,Placed
8474,Not Placed
823,Placed
8552,Not Placed
28879,Placed
48196,Placed
20021,Not Placed
21591,Placed
30230,Not Placed
37215,Not Placed
36293,Not Placed
15375,Not Placed
22721,Not Placed
33693,Not Placed
31453,Not Placed
17469,Not Placed
20342,Not Placed
2605,Placed
24971,Placed
27956,Not Placed
10240,Placed
13476,Not Placed
14767,Placed
22191,Placed
27616,Placed
38740,Not Placed
11488,Not Placed
10326,Not Placed
48410,Placed
6337,Placed
21282,Not Placed
12763,Placed
38058,Not Placed
24168,Not Placed
35431,Not Placed
42428,Not Placed
47119,Not Placed
4787,Placed
36974,Not Placed
20537,Not Placed
4074,Not Placed
25395,Placed
48718,Not Placed
21100,Not Placed
24474,Not Placed
28330,Not Placed
337,Placed
26017,Placed
26458,Placed
23465,Placed
17002,Placed
8923,Not Placed
48758,Not Placed
37560,Placed
26678,Not Placed
45690,Not Placed
25212,Not Placed
14480,Placed
43796,Not Placed
36814,Not Placed
14043,Placed
11542,Placed
20739,Not Placed
11308,Placed
18267,Not Placed
1474,Placed
35775,Placed
47221,Not Placed
16724,Not Placed
34884,Placed
6743,Placed
20791,Placed
24646,Placed
40421,Not Placed
49372,Not Placed
31437,Not Placed
41941,Not Placed
40147,Not Placed
30766,Not Placed
28413,Not Placed
14522,Not Placed
1297,Not Placed
21430,Not Placed
36603,Placed
4741,Not Placed
24457,Placed
29179,Not Placed
28808,Not Placed
41826,Placed
23040,Placed
18962,Not Placed
311,Not Placed
47015,Placed
31719,Placed
19824,Not Placed
42473,Not Placed
39768,Placed
39278,Not Placed
25093,Not Placed
37749,Not Placed
18050,Not Placed
1418,Placed
15412,Not Placed
19063,Not Placed
45735,Not Placed
45299,Placed
18577,Not Placed
46346,Not Placed
9918,Not Placed
8628,Not Placed
30327,Not Placed
6094,Placed
16584,Not Placed
6360,Placed
46754,Placed
5372,Not Placed
47592,Not Placed
33684,Not Placed
27719,Placed
22205,Not Placed
49905,Placed
10568,Not Placed
26903,Not Placed
18546,Not Placed
8064,Not Placed
26550,Not Placed
18772,Not Placed
38537,Not Placed
14973,Not Placed
21876,Not Placed
48571,Not Placed
7175,Placed
263,Placed
11766,Not Placed
35696,Not Placed
46771,Placed
32523,Placed
25852,Not Placed
31538,Placed
2485,Not Placed
4946,Placed
6792,Placed
24320,Not Placed
48342,Not Placed
44807,Not Placed
24462,Not Placed
19148,Placed
43183,Not Placed
29296,Not Placed
44659,Placed
11008,Placed
41714,Not Placed
380,Placed
23351,Not Placed
40309,Not Placed
30984,Placed
15319,Placed
30667,Not Placed
48037,Not Placed
30629,Not Placed
37261,Not Placed
36320,Not Placed
47193,Not Placed
43764,Not Placed
36894,Not Placed
17792,Not Placed
5259,Not Placed
16048,Not Placed
18814,Not Placed
13632,Placed
49642,Not Placed
40259,Not Placed
43997,Placed
18809,Not Placed
19682,Not Placed
44872,Not Placed
33433,Placed
9502,Placed
40197,Placed
29072,Not Placed
28321,Placed
26554,Placed
2438,Not Placed
7399,Placed
7556,Not Placed
9466,Not Placed
20966,Placed
43290,Not Placed
34661,Not Placed
14550,Placed
11770,Placed
37910,Placed
6642,Not Placed
21698,Placed
26093,Not Placed
22184,Not Placed
31757,Not Placed
24012,Not Placed
32589,Placed
9996,Not Placed
24894,Not Placed
165,Not Placed
19715,Placed
24461,Not Placed
40961,Placed
6947,Not Placed
44860,Placed
39604,Placed
25856,Not Placed
13850,Placed
24647,Not Placed
3020,Placed
1226,Placed
49897,Not Placed
40925,Placed
9572,Not Placed
5437,Not Placed
4266,Placed
37009,Not Placed
6742,Not Placed
43540,Placed
2565,Not Placed
22583,Not Placed
33739,Not Placed
26015,Placed
4144,Placed
30354,Placed
33581,Placed
22448,Not Placed
26776,Not Placed
9244,Not Placed
10203,Not Placed
11204,Not Placed
20286,Not Placed
41007,Not Placed
7432,Not Placed
40736,Not Placed
17020,Not Placed
30275,Placed
37641,Not Placed
42560,Not Placed
28742,Placed
34211,Not Placed
27021,Placed
21533,Not Placed
1854,Placed
33400,Placed
11107,Placed
9902,Placed
10006,Placed
18039,Placed
29675,Not Placed
7044,Not Placed
197,Not Placed
1633,Placed
36105,Not Placed
16178,Placed
32323,Not Placed
41031,Not Placed
42796,Not Placed
14834,Placed
48869,Placed
26060,Not Placed
22957,Placed
11061,Not Placed
27051,Not Placed
42891,Placed
42898,Not Placed
9190,Not Placed
20845,Placed
7142,Placed
49968,Not Placed
19271,Not Placed
8067,Not Placed
14207,Not Placed
44601,Not Placed
40985,Placed
43513,Not Placed
8991,Not Placed
45967,Placed
45276,Not Placed
44456,Placed
46956,Placed
42667,Not Placed
1109,Placed
27171,Placed
24379,Not Placed
6753,Placed
49322,Placed
7563,Placed
29874,Not Placed
36976,Placed
11977,Placed
40782,Not Placed
48356,Not Placed
2712,Placed
43233,Not Placed
43784,Placed
42938,Placed
33346,Placed
18969,Not Placed
40808,Not Placed
15889,Not Placed
24513,Placed
2895,Placed
6579,Placed
34507,Not Placed
18178,Not Placed
5109,Not Placed
31167,Not Placed
29646,Not Placed
43819,Placed
38282,Not Placed
34587,Not Placed
15204,Placed
11088,Not Placed
32800,Placed
7182,Placed
41291,Placed
49960,Not Placed
49858,Not Placed
29308,Placed
5599,Placed
41185,Not Placed
43455,Placed
30032,Not Placed
44023,Not Placed
23409,Placed
34065,Placed
49806,Placed
13981,Placed
35872,Placed
47600,Placed
19991,Not Placed
12606,Not Placed
11629,Not Placed
20497,Not Placed
44984,Not Placed
17720,Placed
27476,Placed
7953,Not Placed
40099,Placed
26553,Not Placed
7362,Not Placed
43684,Not Placed
48186,Not Placed
22433,Placed
552,Placed
38897,Not Placed
12149,Placed
2970,Placed
48600,Not Placed
30888,Placed
26446,Not Placed
46259,Not Placed
43108,Placed
48589,Not Placed
3713,Not Placed
16812,Not Placed
17791,Not Placed
40945,Placed
19734,Placed
317,Not Placed
29317,Placed
48021,Placed
3138,Placed
47249,Placed
5255,Placed
24573,Not Placed
3056,Placed
40744,Placed
10889,Not Placed
43522,Not Placed
44867,Not Placed
37739,Placed
48550,Not Placed
32090,Placed
12032,Not Placed
8079,Not Placed
13527,Not Placed
6856,Placed
21764,Not Placed
48704,Not Placed
25219,Placed
20639,Not Placed
42797,Placed
36283,Not Placed
43006,Placed
45948,Not Placed
37450,Not Placed
10278,Placed
5768,Not Placed
5010,Not Placed
12097,Not Placed
30455,Placed
13995,Not Placed
1691,Not Placed
35159,Placed
28991,Placed
10454,Not Placed
14298,Not Placed
49659,Not Placed
46066,Not Placed
8810,Not Placed
39124,Not Placed
7063,Not Placed
16340,Not Placed
45688,Placed
38134,Not Placed
48773,Placed
11802,Not Placed
41333,Not Placed
22275,Placed
1844,Not Placed
31951,Not Placed
2108,Placed
46572,Not Placed
34497,Not Placed
40304,Not Placed
46302,Not Placed
35369,Not Placed
36918,Placed
45859,Placed
49891,Not Placed
15794,Not Placed
47155,Not Placed
10509,Placed
48935,Placed
20453,Placed
31084,Placed
44658,Placed
30263,Placed
147,Placed
18047,Placed
30001,Placed
30565,Not Placed
7366,Placed
21026,Not Placed
18061,Placed
44381,Not Placed
45429,Not Placed
21398,Placed
43418,Not Placed
32250,Not Placed
9436,Not Placed
13493,Not Placed
21718,Placed
42038,Not Placed
18543,Not Placed
43596,Not Placed
16629,Not Placed
6568,Not Placed
13408,Not Placed
10357,Not Placed
29291,Not Placed
46109,Not Placed
36996,Not Placed
28446,Placed
12682,Not Placed
9539,Not Placed
42202,Placed
32507,Placed
5458,Not Placed
41808,Not Placed
45995,Placed
3286,Not Placed
30068,Placed
30047,Not Placed
26970,Not Placed
24336,Not Placed
5050,Placed
41436,Not Placed
43268,Not Placed
18294,Not Placed
41099,Placed
7538,Not Placed
35895,Not Placed
27880,Placed
32688,Not Placed
28884,Not Placed
22061,Not Placed
49076,Not Placed
6875,Not Placed
29970,Not Placed
24275,Not Placed
48300,Not Placed
28415,Placed
45612,Not Placed
42873,Placed
11281,Not Placed
43153,Not Placed
7083,Not Placed
39964,Placed
31808,Placed
27667,Not Placed
41508,Not Placed
35612,Not Placed
40569,Not Placed
45071,Not Placed
42648,Placed
23927,Not Placed
47496,Not Placed
20029,Placed
44190,Placed
13317,Not Placed
40016,Not Placed
20949,Placed
35745,Placed
14488,Not Placed
44158,Not Placed
8112,Placed
40063,Not Placed
3649,Not Placed
34143,Not Placed
34352,Not Placed
14217,Placed
19323,Not Placed
1664,Not Placed
33810,Not Placed
34443,Placed
39285,Not Placed
35714,Placed
21744,Not Placed
4157,Not Placed
28740,Not Placed
1197,Not Placed
33167,Not Placed
6174,Placed
32778,Not Placed
49997,Not Placed
44272,Not Placed
719,Placed
8267,Placed
11461,Placed
49649,Placed
10088,Placed
1973,Placed
47616,Not Placed
7743,Placed
7404,Placed
3487,Placed
5494,Not Placed
33529,Placed
4800,Placed
25755,Not Placed
34103,Placed
24671,Not Placed
9778,Not Placed
1499,Not Placed
20224,Not Placed
24205,Not Placed
36172,Placed
29963,Not Placed
19338,Not Placed
27111,Not Placed
2746,Placed
48652,Not Placed
36325,Not Placed
43898,Not Placed
9111,Not Placed
44189,Not Placed
11350,Placed
34649,Not Placed
14730,Not Placed
14219,Not Placed
48382,Placed
42413,Not Placed
35202,Not Placed
15674,Placed
29590,Placed
3617,Placed
45137,Not Placed
35501,Placed
12034,Placed
48747,Not Placed
44575,Not Placed
3453,Placed
43780,Not Placed
23091,Placed
28215,Not Placed
407,Not Placed
47238,Placed
3486,Placed
10861,Not Placed
10702,Placed
32331,Not Placed
29539,Placed
28664,Not Placed
4073,Placed
25487,Placed
37890,Placed
42604,Placed
49999,Not Placed
39929,Not Placed
11785,Not Placed
35561,Not Placed
27180,Not Placed
42398,Not Placed
29572,Not Placed
19873,Placed
43644,Not Placed
18200,Placed
21199,Placed
36429,Not Placed
37398,Not Placed
9859,Placed
37342,Not Placed
14723,Placed
23268,Placed
3378,Placed
42239,Placed
45219,Placed
12736,Not Placed
400,Not Placed
6430,Placed
19053,Not Placed
42085,Placed
38258,Placed
16359,Placed
4449,Placed
1957,Not Placed
28048,Not Placed
16851,Not Placed
27538,Not Placed
42178,Placed
45089,Not Placed
47803,Placed
29330,Not Placed
42838,Not Placed
15446,Placed
37358,Not Placed
12174,Not Placed
24694,Not Placed
27203,Placed
36530,Placed
39686,Not Placed
23145,Not Placed
22672,Not Placed
23429,Not Placed
43838,Placed
18288,Placed
31180,Not Placed
43395,Placed
9311,Not Placed
36049,Placed
3778,Not Placed
2773,Not Placed
30311,Not Placed
228,Not Placed
38561,Not Placed
44025,Placed
12842,Placed
8418,Placed
32816,Not Placed
22728,Placed
21997,Placed
29641,Not Placed
39841,Not Placed
22875,Placed
7740,Placed
46515,Placed
19153,Not Placed
47031,Not Placed
16626,Placed
9761,Placed
9732,Not Placed
12791,Not Placed
26408,Placed
25229,Placed
36235,Placed
34489,Not Placed
6130,Not Placed
12398,Placed
49133,Not Placed
24365,Not Placed
41093,Not Placed
30969,Not Placed
36269,Not Placed
32101,Placed
46863,Not Placed
448,Not Placed
38384,Placed
21478,Placed
33419,Placed
28515,Placed
27157,Not Placed
32030,Placed
13644,Not Placed
2573,Not Placed
3594,Not Placed
17762,Not Placed
49498,Not Placed
32748,Placed
22742,Placed
16240,Not Placed
13095,Placed
44547,Not Placed
32582,Not Placed
32744,Placed
26253,Placed
44957,Not Placed
41986,Not Placed
45313,Not Placed
19809,Not Placed
6955,Not Placed
6545,Not Placed
43250,Not Placed
9698,Not Placed
30592,Not Placed
24241,Placed
22797,Placed
14761,Not Placed
14833,Not Placed
29460,Placed
33729,Placed
16766,Not Placed
21094,Placed
17776,Not Placed
13242,Placed
13689,Placed
22743,Placed
21803,Not Placed
44426,Not Placed
3365,Not Placed
18697,Not Placed
8603,Placed
45679,Not Placed
32583,Not Placed
26142,Placed
8858,Not Placed
9887,Not Placed
35907,Not Placed
6927,Placed
21830,Not Placed
13918,Not Placed
30527,Not Placed
46678,Placed
48124,Placed
18222,Not Placed
16615,Placed
13559,Not Placed
31141,Not Placed
12527,Placed
48210,Not Placed
32847,Not Placed
46884,Not Placed
18468,Placed
2425,Placed
2024,Not Placed
15178,Not Placed
48534,Not Placed
26544,Not Placed
13246,Not Placed
2355,Placed
13966,Placed
38952,Not Placed
24010,Placed
10768,Placed
12974,Placed
32299,Not Placed
17258,Placed
41615,Not Placed
34652,Placed
12418,Not Placed
2056,Not Placed
12619,Not Placed
19178,Placed
31242,Not Placed
15481,Placed
7699,Not Placed
42943,Not Placed
48154,Not Placed
36234,Not Placed
13884,Placed
10958,Placed
28492,Placed
28157,Placed
18612,Not Placed
18329,Placed
30668,Placed
44764,Not Placed
3257,Not Placed
4596,Not Placed
15000,Placed
40124,Not Placed
13837,Not Placed
37158,Not Placed
47142,Not Placed
43011,Placed
43591,Not Placed
38164,Not Placed
25481,Placed
47960,Not Placed
30893,Placed
34563,Placed
45377,Not Placed
24157,Not Placed
19388,Placed
25651,Not Placed
33253,Placed
30226,Not Placed
36057,Not Placed
25633,Not Placed
45477,Placed
1885,Not Placed
1936,Not Placed
48111,Not Placed
8560,Not Placed
28618,Placed
9322,Placed
34073,Not Placed
20,Not Placed
42320,Placed
1736,Not Placed
32594,Placed
25621,Not Placed
26729,Placed
24063,Not Placed
2618,Placed
32288,Not Placed
8435,Not Placed
4381,Not Placed
9599,Not Placed
38180,Not Placed
36413,Not Placed
37629,Placed
16184,Not Placed
31153,Not Placed
22388,Placed
44208,Not Placed
6425,Placed
6588,Placed
18280,Placed
19111,Placed
3622,Not Placed
46174,Placed
31631,Not Placed
17142,Placed
11459,Placed
32308,Not Placed
1969,Not Placed
44904,Not Placed
20897,Not Placed
40987,Placed
4661,Placed
46712,Placed
22818,Placed
4553,Not Placed
38931,Not Placed
10966,Not Placed
38824,Not Placed
2369,Placed
40358,Not Placed
7918,Not Placed
36832,Placed
29639,Placed
42686,Not Placed
48838,Placed
24239,Not Placed
41237,Placed
1683,Placed
35103,Not Placed
28553,Not Placed
14855,Placed
30037,Not Placed
41151,Not Placed
15742,Not Placed
8831,Placed
28261,Not Placed
12370,Not Placed
42134,Not Placed
42525,Not Placed
1227,Not Placed
8879,Not Placed
37007,Not Placed
48280,Not Placed
21237,Placed
3197,Not Placed
43085,Not Placed
3586,Placed
34407,Not Placed
36559,Placed
35270,Not Placed
32395,Not Placed
16372,Placed
37131,Not Placed
3919,Not Placed
6867,Not Placed
25366,Not Placed
12350,Not Placed
19081,Not Placed
14721,Placed
13066,Not Placed
29567,Not Placed
43952,Placed
47819,Not Placed
42316,Placed
39435,Not Placed
11103,Not Placed
9142,Placed
8321,Not Placed
32557,Not Placed
9168,Not Placed
46015,Not Placed
9598,Placed
28631,Placed
36673,Not Placed
17154,Not Placed
39721,Not Placed
34360,Not Placed
2429,Not Placed
1750,Not Placed
14694,Not Placed
42957,Not Placed
13356,Not Placed
24698,Placed
7619,Not Placed
4835,Placed
37998,Not Placed
30632,Not Placed
19937,Not Placed
39904,Placed
44340,Not Placed
48631,Placed
17738,Not Placed
15804,Not Placed
16638,Placed
49582,Not Placed
9266,Placed
47315,Not Placed
11258,Not Placed
3146,Not Placed
38891,Not Placed
21455,Placed
43912,Not Placed
20932,Not Placed
42336,Not Placed
19141,Placed
11067,Placed
45286,Not Placed
21917,Placed
1622,Placed
15561,Placed
10281,Placed
1598,Not Placed
18405,Not Placed
42742,Not Placed
31054,Not Placed
38493,Placed
3781,Not Placed
8501,Placed
6908,Not Placed
12679,Not Placed
32365,Not Placed
43988,Not Placed
45821,Placed
32492,Placed
41070,Not Placed
12271,Placed
42664,Placed
8272,Not Placed
22271,Placed
21838,Placed
45844,Not Placed
44912,Not Placed
7686,Placed
14140,Not Placed
17587,Not Placed
7926,Placed
48816,Not Placed
35420,Not Placed
14750,Placed
43960,Placed
31273,Not Placed
27682,Not Placed
46907,Placed
17137,Not Placed
24009,Not Placed
27646,Not Placed
15033,Placed
35997,Placed
5790,Not Placed
10888,Placed
1241,Not Placed
12091,Placed
42836,Not Placed
35026,Not Placed
32348,Not Placed
355,Not Placed
23797,Not Placed
8194,Placed
17846,Not Placed
15759,Not Placed
36333,Not Placed
14449,Placed
28262,Not Placed
1063,Placed
23945,Placed
16051,Placed
32264,Not Placed
11182,Not Placed
15400,Not Placed
21254,Not Placed
48030,Not Placed
32281,Not Placed
22142,Not Placed
3928,Not Placed
38860,Placed
8382,Not Placed
28472,Placed
41961,Not Placed
11558,Placed
36664,Placed
38206,Not Placed
43424,Not Placed
44035,Placed
7245,Not Placed
16623,Placed
16687,Not Placed
49214,Not Placed
39044,Not Placed
27837,Not Placed
47012,Not Placed
20265,Placed
544,Not Placed
28055,Placed
39613,Not Placed
43821,Not Placed
19641,Placed
43673,Not Placed
22311,Placed
22631,Not Placed
20936,Not Placed
49108,Placed
25180,Not Placed
24934,Placed
42606,Not Placed
29956,Not Placed
2421,Placed
17802,Placed
48035,Not Placed
28298,Not Placed
49775,Not Placed
9842,Placed
25926,Placed
29964,Not Placed
43629,Not Placed
19876,Not Placed
28619,Not Placed
4916,Placed
3787,Not Placed
9433,Not Placed
807,Not Placed
45898,Not Placed
44607,Not Placed
24742,Not Placed
41162,Placed
42238,Not Placed
44696,Not Placed
27208,Not Placed
1806,Not Placed
13994,Not Placed
13042,Placed
4945,Placed
35359,Placed
222,Placed
11744,Not Placed
2883,Placed
44804,Placed
7263,Not Placed
15035,Placed
42819,Placed
31605,Not Placed
20842,Placed
25867,Placed
31094,Placed
24200,Not Placed
16161,Not Placed
30137,Not Placed
33087,Not Placed
35458,Placed
21937,Not Placed
29731,Placed
47098,Placed
8231,Not Placed
2657,Not Placed
7591,Placed
37303,Placed
44004,Placed
32340,Not Placed
20495,Placed
14501,Not Placed
21628,Not Placed
9255,Not Placed
43283,Placed
17446,Placed
12192,Not Placed
12145,Not Placed
18350,Not Placed
8636,Placed
40214,Placed
4595,Not Placed
2650,Placed
27642,Placed
6032,Not Placed
43329,Not Placed
48222,Placed
7095,Placed
42340,Not Placed
22281,Placed
30015,Placed
28902,Not Placed
44595,Not Placed
14972,Placed
11931,Placed
39843,Not Placed
43525,Not Placed
18821,Placed
45655,Not Placed
46778,Not Placed
14776,Not Placed
16797,Not Placed
38503,Not Placed
537,Placed
33705,Not Placed
29360,Not Placed
10964,Not Placed
34016,Placed
27656,Not Placed
35463,Not Placed
36830,Placed
6769,Placed
31175,Not Placed
47792,Placed
41760,Not Placed
48151,Placed
11878,Placed
25064,Not Placed
43076,Not Placed
41813,Placed
44410,Placed
32239,Placed
41633,Placed
35995,Not Placed
28917,Placed
14174,Placed
47400,Not Placed
21597,Not Placed
32978,Not Placed
28498,Placed
32570,Not Placed
41899,Not Placed
10763,Placed
5800,Placed
357,Not Placed
15021,Placed
5487,Not Placed
13958,Placed
17119,Not Placed
43730,Not Placed
4387,Not Placed
16159,Not Placed
27072,Not Placed
21168,Not Placed
44222,Not Placed
5588,Not Placed
21281,Placed
38037,Not Placed
7565,Placed
14339,Placed
529,Placed
19900,Not Placed
21878,Not Placed
41823,Not Placed
20924,Not Placed
10878,Placed
401,Placed
19270,Not Placed
36839,Placed
22320,Not Placed
13883,Not Placed
1286,Not Placed
44813,Placed
11583,Not Placed
30204,Placed
44980,Not Placed
46404,Placed
22080,Placed
39939,Not Placed
21298,Not Placed
11188,Not Placed
36009,Placed
30939,Not Placed
40588,Placed
5175,Placed
45895,Not Placed
29929,Not Placed
21495,Not Placed
3968,Placed
41090,Not Placed
9320,Not Placed
3872,Not Placed
584,Not Placed
38167,Not Placed
43976,Not Placed
48714,Not Placed
9404,Placed
7979,Not Placed
6408,Not Placed
14993,Not Placed
22338,Placed
32291,Not Placed
41184,Placed
6436,Not Placed
13817,Not Placed
36637,Not Placed
11747,Not Placed
12650,Not Placed
9664,Placed
15792,Not Placed
11650,Not Placed
36627,Placed
37419,Not Placed
21303,Not Placed
2272,Placed
14110,Not Placed
13533,Not Placed
19206,Not Placed
49600,Not Placed
20402,Not Placed
40335,Not Placed
49404,Not Placed
31615,Placed
11414,Placed
49886,Not Placed
37285,Not Placed
11502,Not Placed
8184,Not Placed
49345,Placed
5484,Placed
28223,Not Placed
25140,Not Placed
44651,Not Placed
4200,Not Placed
34753,Not Placed
4071,Not Placed
3059,Not Placed
24568,Not Placed
27357,Not Placed
37704,Not Placed
44652,Placed
47448,Not Placed
22491,Not Placed
31714,Placed
15871,Not Placed
32809,Placed
38015,Not Placed
30014,Not Placed
42408,Placed
33093,Placed
17465,Not Placed
24189,Not Placed
44322,Placed
11700,Not Placed
23476,Not Placed
24537,Placed
8482,Not Placed
29816,Not Placed
37686,Not Placed
8829,Placed
24571,Not Placed
39669,Not Placed
12427,Placed
14213,Not Placed
32160,Placed
31376,Not Placed
16221,Placed
21620,Placed
46352,Placed
26515,Not Placed
24274,Not Placed
40992,Not Placed
1275,Not Placed
32244,Not Placed
47522,Not Placed
23581,Placed
45521,Placed
26640,Not Placed
37542,Not Placed
7139,Placed
27571,Not Placed
31315,Not Placed
21511,Not Placed
5483,Placed
14904,Placed
35504,Not Placed
5884,Not Placed
20126,Not Placed
40999,Not Placed
4856,Not Placed
40220,Not Placed
21310,Not Placed
26097,Not Placed
34276,Placed
20038,Not Placed
248,Not Placed
12899,Not Placed
49589,Placed
5320,Placed
18357,Placed
28546,Not Placed
5781,Not Placed
811,Placed
13999,Placed
19057,Placed
30906,Not Placed
14709,Not Placed
22769,Placed
33480,Not Placed
22359,Placed
19751,Placed
16287,Placed
17363,Not Placed
36981,Placed
19492,Placed
18729,Placed
31446,Placed
7831,Not Placed
46574,Not Placed
20851,Not Placed
18007,Not Placed
5747,Not Placed
34119,Not Placed
1771,Placed
6258,Placed
32009,Not Placed
46997,Not Placed
84,Not Placed
45274,Not Placed
32779,Placed
29931,Not Placed
2827,Not Placed
7478,Not Placed
37699,Not Placed
36439,Placed
27590,Not Placed
35623,Placed
35394,Not Placed
27024,Not Placed
664,Not Placed
21994,Placed
1167,Not Placed
9522,Not Placed
48592,Not Placed
20124,Placed
3903,Not Placed
48743,Not Placed
7812,Placed
40432,Not Placed
23613,Not Placed
49093,Not Placed
28788,Placed
20418,Not Placed
8765,Placed
41923,Placed
32400,Not Placed
40081,Not Placed
48433,Placed
28384,Placed
22333,Not Placed
1512,Placed
6980,Placed
35118,Not Placed
11930,Not Placed
38873,Not Placed
37006,Placed
21049,Not Placed
16453,Not Placed
27758,Not Placed
21402,Placed
10208,Not Placed
37297,Not Placed
14789,Not Placed
44843,Not Placed
37834,Placed
26732,Placed
16882,Placed
41210,Not Placed
45011,Not Placed
37707,Not Placed
35264,Not Placed
48083,Not Placed
25649,Not Placed
28897,Not Placed
34012,Placed
33576,Placed
8043,Placed
8548,Placed
47244,Placed
37016,Not Placed
16183,Placed
23200,Not Placed
8792,Placed
42676,Not Placed
3653,Not Placed
176,Placed
37085,Not Placed
12640,Not Placed
16771,Not Placed
25565,Not Placed
2830,Not Placed
32165,Not Placed
1242,Not Placed
4411,Not Placed
4253,Not Placed
43450,Not Placed
22065,Not Placed
26174,Not Placed
9110,Not Placed
14895,Placed
30924,Not Placed
3732,Not Placed
10483,Not Placed
22093,Placed
27032,Not Placed
28115,Not Placed
45183,Placed
29433,Placed
9474,Placed
48333,Not Placed
20734,Not Placed
32548,Placed
21106,Not Placed
36016,Not Placed
23591,Placed
5064,Not Placed
43023,Not Placed
39000,Not Placed
37270,Placed
34823,Not Placed
23728,Not Placed
19740,Placed
32649,Not Placed
14467,Not Placed
33189,Not Placed
37251,Not Placed
23916,Not Placed
17473,Not Placed
29394,Not Placed
20970,Placed
25644,Not Placed
10683,Not Placed
46438,Placed
27314,Placed
31301,Not Placed
10439,Not Placed
26876,Not Placed
44621,Not Placed
26639,Not Placed
14820,Not Placed
43314,Not Placed
47225,Placed
42135,Placed
48771,Placed
23995,Not Placed
7512,Not Placed
20647,Not Placed
24794,Placed
43690,Placed
46005,Not Placed
24963,Placed
3977,Placed
14659,Not Placed
15328,Not Placed
35508,Placed
30071,Placed
39720,Not Placed
9026,Placed
8216,Not Placed
41417,Not Placed
21829,Not Placed
38953,Placed
13914,Placed
11293,Not Placed
29048,Not Placed
4445,Not Placed
49947,Placed
11421,Placed
47566,Placed
12424,Not Placed
8157,Not Placed
30360,Not Placed
24139,Not Placed
32014,Not Placed
41005,Not Placed
39566,Not Placed
21363,Not Placed
38760,Placed
40072,Not Placed
40545,Not Placed
27708,Placed
5395,Placed
25134,Not Placed
4019,Placed
7464,Not Placed
23670,Placed
16448,Not Placed
24464,Not Placed
46979,Placed
22325,Placed
2687,Not Placed
8183,Not Placed
16600,Placed
41830,Not Placed
7046,Not Placed
29744,Not Placed
25610,Not Placed
19348,Placed
1421,Placed
38113,Not Placed
41674,Not Placed
8633,Not Placed
39823,Placed
7649,Not Placed
29585,Not Placed
29232,Placed
35728,Placed
22906,Not Placed
19278,Not Placed
39136,Not Placed
49935,Placed
38162,Not Placed
35681,Not Placed
31497,Not Placed
5551,Not Placed
30665,Not Placed
4472,Placed
19835,Not Placed
15406,Not Placed
21828,Placed
27260,Placed
22654,Not Placed
32843,Placed
29195,Placed
8186,Not Placed
11117,Not Placed
10832,Placed
46726,Placed
8286,Not Placed
40077,Placed
11644,Not Placed
33618,Not Placed
35455,Not Placed
36507,Not Placed
2161,Placed
39256,Placed
4651,Not Placed
38678,Not Placed
26775,Placed
47501,Placed
45654,Not Placed
730,Not Placed
27842,Not Placed
20351,Placed
49933,Not Placed
9148,Not Placed
18299,Placed
28531,Placed
27990,Placed
29103,Not Placed
3850,Not Placed
31369,Placed
20755,Not Placed
36209,Not Placed
17942,Not Placed
917,Not Placed
13129,Placed
18143,Not Placed
10847,Not Placed
40820,Not Placed
4533,Not Placed
40058,Not Placed
23092,Placed
33578,Placed
42677,Placed
5163,Placed
41183,Placed
45426,Not Placed
27416,Not Placed
35809,Not Placed
25751,Not Placed
25717,Placed
27760,Not Placed
5724,Placed
12460,Placed
44114,Placed
14388,Placed
40950,Not Placed
34705,Not Placed
19678,Not Placed
38989,Not Placed
45441,Not Placed
44185,Not Placed
2482,Not Placed
35505,Placed
29938,Not Placed
7815,Placed
17929,Not Placed
23936,Not Placed
23152,Placed
8715,Not Placed
49892,Placed
9628,Not Placed
42503,Placed
42227,Not Placed
32432,Placed
20270,Not Placed
43096,Not Placed
37138,Placed
6870,Placed
22253,Not Placed
34602,Not Placed
64,Not Placed
39932,Placed
8716,Placed
30556,Not Placed
5402,Placed
23574,Not Placed
32786,Not Placed
25811,Not Placed
47346,Placed
15962,Placed
41196,Placed
28900,Placed
12132,Placed
5762,Placed
48477,Not Placed
7224,Not Placed
48411,Not Placed
5732,Placed
37932,Not Placed
21532,Not Placed
31074,Not Placed
1054,Not Placed
7428,Placed
10776,Not Placed
47372,Not Placed
33828,Not Placed
37055,Not Placed
38487,Not Placed
16230,Not Placed
7751,Placed
41149,Not Placed
49113,Placed
49920,Placed
45479,Placed
4091,Not Placed
27351,Not Placed
49661,Placed
18279,Not Placed
47622,Not Placed
9495,Not Placed
7472,Not Placed
1901,Placed
43920,Not Placed
13149,Not Placed
20650,Not Placed
28712,Placed
15904,Not Placed
47425,Placed
43202,Not Placed
37077,Not Placed
11687,Placed
29295,Placed
43611,Placed
21649,Not Placed
14000,Placed
23579,Placed
49334,Placed
26488,Placed
16397,Not Placed
22319,Not Placed
30971,Not Placed
48465,Placed
15473,Placed
24047,Not Placed
15166,Not Placed
26857,Placed
30938,Placed
45185,Placed
40160,Not Placed
2931,Not Placed
45906,Not Placed
15984,Placed
30286,Not Placed
23926,Placed
28134,Placed
23518,Not Placed
3958,Placed
16258,Not Placed
29812,Placed
46791,Placed
27550,Not Placed
6231,Not Placed
23622,Not Placed
44354,Not Placed
33538,Not Placed
25019,Not Placed
35437,Not Placed
27923,Placed
12669,Placed
24630,Not Placed
39564,Not Placed
24878,Not Placed
23799,Placed
27485,Placed
34071,Not Placed
30528,Not Placed
8080,Placed
42893,Not Placed
11422,Placed
30496,Not Placed
26124,Not Placed
47618,Placed
40652,Placed
23416,Placed
10330,Not Placed
45875,Not Placed
38656,Placed
37763,Not Placed
15360,Placed
8171,Placed
18673,Placed
29774,Placed
21666,Not Placed
46125,Not Placed
27380,Not Placed
18046,Not Placed
20548,Placed
2358,Not Placed
39903,Placed
24197,Placed
12526,Not Placed
42978,Not Placed
26596,Not Placed
35139,Not Placed
26003,Not Placed
43332,Not Placed
34053,Placed
10480,Not Placed
34440,Not Placed
12943,Placed
13937,Not Placed
38246,Placed
21079,Not Placed
13861,Placed
37321,Not Placed
44734,Not Placed
21548,Placed
44079,Placed
726,Placed
8791,Placed
33886,Not Placed
46161,Not Placed
33605,Placed
27838,Not Placed
48803,Not Placed
15781,Not Placed
3375,Not Placed
43234,Placed
5542,Placed
38186,Not Placed
48953,Not Placed
3966,Not Placed
37051,Not Placed
12984,Not Placed
25243,Placed
46850,Not Placed
41429,Placed
28652,Not Placed
30658,Not Placed
35782,Placed
41201,Not Placed
47793,Not Placed
15832,Not Placed
9500,Not Placed
39818,Not Placed
25763,Placed
28247,Placed
30358,Not Placed
33368,Not Placed
20805,Placed
26631,Not Placed
22662,Placed
3363,Placed
6459,Not Placed
26040,Not Placed
17955,Not Placed
24024,Not Placed
16754,Not Placed
28089,Not Placed
44017,Not Placed
47213,Not Placed
38520,Placed
14915,Placed
19031,Not Placed
15096,Not Placed
15050,Not Placed
34278,Placed
22749,Not Placed
4827,Not Placed
7172,Not Placed
26262,Placed
32317,Not Placed
28885,Not Placed
41366,Placed
17763,Not Placed
11148,Not Placed
44701,Not Placed
6433,Placed
8160,Not Placed
4698,Placed
26118,Not Placed
3380,Not Placed
33071,Placed
27321,Not Placed
18887,Not Placed
13084,Not Placed
46772,Not Placed
38055,Not Placed
48706,Not Placed
39491,Not Placed
23180,Not Placed
34931,Not Placed
14729,Not Placed
19600,Placed
9849,Not Placed
16617,Placed
16809,Not Placed
13444,Not Placed
48875,Not Placed
7364,Not Placed
22977,Placed
16601,Not Placed
36726,Placed
34428,Placed
20092,Not Placed
28412,Placed
18828,Placed
34155,Placed
28589,Not Placed
6487,Placed
11435,Not Placed
37767,Not Placed
10906,Not Placed
33835,Not Placed
42212,Not Placed
43476,Placed
20920,Placed
14131,Not Placed
42692,Not Placed
44581,Not Placed
31488,Not Placed
34643,Placed
6857,Not Placed
27363,Not Placed
47165,Placed
40921,Not Placed
33974,Not Placed
17599,Placed
36659,Not Placed
48621,Placed
18417,Placed
3494,Placed
45727,Not Placed
40299,Not Placed
36024,Not Placed
41460,Placed
15816,Not Placed
47168,Not Placed
30530,Not Placed
8970,Not Placed
25746,Placed
36073,Not Placed
17814,Not Placed
49904,Not Placed
6739,Not Placed
19687,Placed
31211,Placed
1250,Not Placed
13691,Not Placed
9179,Placed
13846,Not Placed
36990,Placed
20013,Not Placed
33806,Placed
38036,Not Placed
45880,Not Placed
38425,Placed
36132,Placed
47694,Not Placed
35613,Placed
46137,Placed
2788,Not Placed
2851,Not Placed
6014,Placed
10543,Placed
6793,Placed
21735,Placed
43077,Not Placed
47876,Placed
21932,Not Placed
3079,Not Placed
25250,Placed
42972,Placed
10154,Not Placed
5667,Placed
8514,Placed
35553,Not Placed
302,Placed
44981,Placed
38344,Placed
1724,Placed
38779,Not Placed
5997,Not Placed
430,Placed
24890,Placed
27108,Not Placed
34270,Not Placed
12401,Not Placed
1524,Placed
31047,Not Placed
32513,Placed
17459,Placed
10666,Not Placed
47270,Placed
13096,Not Placed
7502,Placed
41762,Not Placed
2501,Not Placed
304,Placed
39033,Not Placed
37956,Not Placed
27176,Not Placed
44870,Not Placed
43058,Placed
9454,Placed
240,Placed
43154,Placed
14012,Placed
12425,Not Placed
10045,Not Placed
25732,Not Placed
14794,Not Placed
48254,Placed
4121,Not Placed
21955,Not Placed
46235,Not Placed
34444,Placed
47535,Not Placed
38185,Placed
34981,Not Placed
19609,Placed
17437,Not Placed
49963,Not Placed
40347,Not Placed
33869,Placed
39963,Not Placed
41387,Not Placed
8246,Not Placed
3516,Not Placed
276,Placed
44474,Not Placed
20439,Placed
32403,Not Placed
38244,Not Placed
48613,Placed
8711,Placed
43380,Not Placed
19226,Not Placed
21331,Placed
7214,Not Placed
27136,Not Placed
11623,Not Placed
16456,Not Placed
28763,Not Placed
19716,Not Placed
36317,Placed
45184,Placed
25321,Not Placed
42077,Not Placed
44717,Not Placed
5746,Placed
7520,Not Placed
12770,Not Placed
38572,Not Placed
47773,Placed
35002,Not Placed
13160,Not Placed
12443,Not Placed
12083,Placed
14346,Placed
37482,Placed
36908,Not Placed
2504,Placed
11235,Not Placed
39668,Placed
2001,Not Placed
6710,Not Placed
10981,Placed
11722,Not Placed
46373,Not Placed
26485,Not Placed
26079,Placed
21221,Not Placed
17216,Not Placed
49480,Not Placed
37762,Placed
18820,Not Placed
16118,Not Placed
2515,Not Placed
10970,Not Placed
21164,Placed
47387,Not Placed
39330,Not Placed
30114,Not Placed
4272,Placed
303,Not Placed
16990,Not Placed
10800,Not Placed
8214,Placed
17674,Not Placed
29732,Placed
4210,Placed
3292,Not Placed
29792,Not Placed
17189,Placed
27713,Placed
7151,Placed
14959,Placed
2461,Not Placed
49835,Not Placed
25394,Placed
34540,Not Placed
22843,Placed
34350,Not Placed
43273,Placed
37359,Placed
33069,Placed
1679,Placed
35578,Placed
35537,Not Placed
1673,Placed
36002,Placed
42043,Not Placed
14139,Not Placed
45574,Placed
39690,Not Placed
35137,Placed
11063,Placed
30750,Not Placed
14274,Not Placed
24231,Not Placed
33723,Not Placed
7380,Not Placed
43572,Placed
26071,Not Placed
28232,Placed
27445,Not Placed
30960,Placed
38416,Placed
6954,Not Placed
10335,Placed
36926,Placed
8662,Not Placed
36010,Placed
35032,Not Placed
40658,Not Placed
45287,Not Placed
3434,Placed
13154,Placed
49016,Placed
4565,Not Placed
223,Not Placed
9909,Not Placed
10459,Placed
13282,Placed
4981,Not Placed
25623,Not Placed
31554,Not Placed
34972,Not Placed
17984,Placed
47117,Not Placed
6850,Not Placed
4727,Not Placed
41285,Placed
36935,Not Placed
44462,Not Placed
2685,Not Placed
36962,Not Placed
9353,Not Placed
33520,Not Placed
7166,Not Placed
5887,Placed
30078,Placed
45555,Not Placed
4542,Not Placed
15820,Placed
9257,Not Placed
46613,Not Placed
12659,Not Placed
16792,Placed
22283,Not Placed
24072,Placed
39171,Not Placed
9067,Placed
40905,Not Placed
23673,Not Placed
38885,Placed
7425,Placed
955,Not Placed
27779,Not Placed
11361,Not Placed
38327,Not Placed
32868,Not Placed
29571,Not Placed
45717,Not Placed
9779,Placed
17778,Not Placed
37644,Not Placed
17936,Not Placed
3023,Placed
2762,Not Placed
28568,Not Placed
35114,Not Placed
27831,Not Placed
43137,Not Placed
12681,Placed
15287,Not Placed
44833,Not Placed
34929,Not Placed
1728,Placed
14966,Placed
3182,Not Placed
27807,Not Placed
42167,Not Placed
42116,Not Placed
43598,Not Placed
14999,Placed
26702,Placed
17081,Placed
19029,Not Placed
19658,Placed
9334,Not Placed
18434,Placed
46411,Placed
30742,Not Placed
41857,Not Placed
9132,Placed
2275,Placed
47737,Placed
33788,Not Placed
21267,Not Placed
45815,Not Placed
47798,Placed
26472,Placed
39666,Not Placed
13525,Placed
10451,Placed
18298,Not Placed
28680,Not Placed
39412,Not Placed
21376,Not Placed
40218,Not Placed
16379,Placed
958,Not Placed
26736,Not Placed
46820,Placed
47624,Placed
2489,Not Placed
12583,Placed
12129,Not Placed
37897,Not Placed
7456,Placed
3719,Not Placed
42725,Not Placed
10162,Placed
11720,Placed
40486,Placed
33216,Placed
32119,Placed
12894,Not Placed
35736,Placed
1406,Not Placed
46558,Not Placed
31103,Not Placed
45223,Not Placed
16502,Placed
3427,Placed
3253,Not Placed
34469,Placed
12815,Not Placed
31120,Not Placed
37155,Not Placed
45059,Not Placed
44954,Placed
13562,Placed
24832,Not Placed
47161,Placed
30890,Placed
46141,Placed
9578,Not Placed
15557,Not Placed
26897,Placed
7218,Not Placed
44405,Placed
26369,Not Placed
14132,Not Placed
25622,Not Placed
2514,Placed
41461,Not Placed
36811,Not Placed
19951,Not Placed
37269,Not Placed
33318,Not Placed
34940,Placed
16853,Not Placed
49430,Not Placed
24266,Not Placed
43276,Not Placed
15730,Not Placed
35349,Placed
3806,Not Placed
30680,Placed
31306,Not Placed
24342,Placed
35471,Placed
33227,Not Placed
7137,Placed
29977,Not Placed
28224,Not Placed
13323,Not Placed
32723,Not Placed
43652,Not Placed
10704,Placed
39960,Placed
19823,Not Placed
34148,Placed
47463,Not Placed
9821,Not Placed
37387,Not Placed
7133,Placed
25619,Placed
26718,Not Placed
43029,Placed
121,Not Placed
35018,Placed
16714,Not Placed
22832,Placed
24992,Not Placed
10179,Not Placed
26403,Not Placed
23635,Not Placed
27147,Not Placed
17609,Not Placed
28096,Not Placed
42992,Placed
23038,Not Placed
22870,Placed
13649,Not Placed
37514,Not Placed
4713,Placed
28890,Not Placed
13978,Placed
6155,Not Placed
11485,Placed
7844,Placed
32855,Not Placed
17729,Not Placed
19194,Placed
956,Placed
40760,Placed
48845,Not Placed
39473,Placed
40844,Not Placed
9931,Placed
5677,Not Placed
43914,Not Placed
12482,Placed
36816,Not Placed
31860,Placed
4352,Not Placed
45603,Not Placed
44101,Not Placed
45697,Placed
20322,Not Placed
14859,Placed
32154,Placed
10428,Not Placed
29197,Not Placed
33271,Placed
46384,Placed
36402,Not Placed
4528,Not Placed
1448,Not Placed
8958,Not Placed
46720,Placed
25208,Placed
41579,Placed
33844,Placed
49950,Not Placed
21177,Placed
40670,Not Placed
47169,Not Placed
35874,Not Placed
21596,Not Placed
49683,Not Placed
45421,Not Placed
18137,Placed
34408,Not Placed
45358,Placed
38272,Placed
11888,Not Placed
38259,Not Placed
235,Not Placed
26841,Not Placed
40323,Placed
8152,Not Placed
27541,Placed
43421,Not Placed
9482,Placed
14652,Not Placed
45093,Not Placed
15837,Placed
11538,Not Placed
26208,Not Placed
11245,Placed
33715,Placed
47984,Placed
41849,Not Placed
3665,Not Placed
43059,Placed
902,Placed
46503,Not Placed
28923,Not Placed
7548,Placed
43751,Placed
10506,Placed
8725,Not Placed
26136,Not Placed
20481,Not Placed
39642,Not Placed
35899,Not Placed
6859,Not Placed
29625,Placed
44973,Not Placed
27727,Not Placed
30866,Not Placed
40865,Not Placed
23840,Not Placed
5271,Placed
25101,Placed
13888,Placed
43444,Not Placed
8308,Not Placed
27318,Not Placed
32615,Not Placed
48792,Not Placed
25892,Not Placed
11052,Not Placed
4325,Placed
31402,Not Placed
28387,Placed
36023,Placed
2689,Not Placed
39527,Not Placed
21043,Placed
40506,Not Placed
22555,Placed
49807,Placed
11388,Placed
6748,Placed
41884,Placed
31382,Not Placed
35323,Not Placed
46677,Not Placed
31288,Not Placed
27371,Placed
3741,Placed
41469,Not Placed
28061,Placed
7630,Placed
47757,Not Placed
27567,Not Placed
6582,Not Placed
40951,Not Placed
29991,Placed
41175,Placed
893,Not Placed
34732,Not Placed
25285,Not Placed
2688,Not Placed
49813,Not Placed
28863,Not Placed
39629,Placed
24035,Not Placed
23395,Placed
43662,Not Placed
49527,Not Placed
33117,Not Placed
22332,Not Placed
37774,Not Placed
41355,Placed
30190,Placed
30258,Placed
34681,Placed
23675,Not Placed
40943,Not Placed
46796,Not Placed
31518,Not Placed
34684,Not Placed
11363,Placed
38454,Not Placed
13819,Placed
32950,Placed
44982,Placed
36782,Not Placed
9769,Not Placed
10712,Placed
16279,Not Placed
39251,Placed
25591,Not Placed
38945,Placed
25973,Placed
10250,Not Placed
18981,Placed
17014,Placed
2625,Placed
37445,Not Placed
5393,Placed
16519,Not Placed
48256,Not Placed
4677,Not Placed
31706,Not Placed
8995,Not Placed
3793,Placed
14295,Not Placed
15127,Placed
27049,Not Placed
8257,Not Placed
21004,Placed
38458,Placed
33855,Placed
22291,Not Placed
30335,Not Placed
12056,Placed
37737,Not Placed
48556,Not Placed
48170,Not Placed
3438,Placed
49615,Not Placed
41817,Not Placed
40361,Placed
25671,Not Placed
29100,Not Placed
42221,Placed
24643,Placed
37072,Placed
31961,Not Placed
48166,Placed
20135,Not Placed
12403,Not Placed
7028,Not Placed
25862,Placed
4182,Placed
45867,Not Placed
28624,Not Placed
9574,Placed
15416,Not Placed
32202,Not Placed
5150,Not Placed
48207,Not Placed
31553,Placed
26181,Not Placed
25587,Placed
35786,Not Placed
11169,Not Placed
13674,Not Placed
48967,Placed
1829,Not Placed
35010,Placed
46281,Not Placed
39255,Placed
25220,Not Placed
15377,Not Placed
12237,Not Placed
9005,Not Placed
4141,Not Placed
1165,Not Placed
30824,Placed
23988,Not Placed
22744,Placed
1442,Placed
22374,Placed
11111,Placed
48326,Placed
4813,Not Placed
10824,Placed
21531,Placed
31044,Not Placed
30449,Not Placed
15913,Not Placed
48454,Not Placed
43962,Placed
47538,Not Placed
418,Not Placed
16122,Placed
43501,Not Placed
6820,Placed
29021,Not Placed
42764,Not Placed
15135,Placed
821,Not Placed
48243,Placed
10293,Not Placed
39620,Not Placed
39158,Not Placed
13162,Placed
42288,Not Placed
11187,Placed
20704,Not Placed
24271,Placed
23415,Not Placed
7901,Not Placed
31836,Not Placed
8921,Not Placed
34858,Placed
3750,Not Placed
1052,Placed
24125,Placed
38411,Not Placed
17690,Placed
36617,Not Placed
21058,Not Placed
16283,Not Placed
43615,Placed
38594,Placed
7474,Not Placed
49099,Placed
7836,Placed
4940,Placed
21965,Placed
12863,Not Placed
32276,Placed
46064,Not Placed
17970,Placed
22047,Not Placed
558,Not Placed
12530,Placed
31111,Not Placed
21171,Not Placed
35356,Not Placed
11415,Placed
49863,Placed
49407,Not Placed
20179,Not Placed
40996,Placed
10283,Not Placed
18669,Not Placed
30274,Not Placed
2791,Not Placed
616,Placed
25636,Not Placed
24249,Not Placed
44449,Not Placed
39311,Placed
13719,Not Placed
42475,Not Placed
35801,Not Placed
20090,Not Placed
43184,Not Placed
17684,Not Placed
11901,Placed
28263,Placed
25830,Not Placed
49427,Placed
37499,Not Placed
45808,Placed
33484,Placed
30865,Placed
31483,Placed
3171,Not Placed
41781,Not Placed
25846,Not Placed
36567,Placed
17565,Placed
10243,Not Placed
22005,Not Placed
27114,Placed
26173,Not Placed
46028,Placed
43038,Placed
21633,Not Placed
45797,Not Placed
37679,Placed
15893,Not Placed
24290,Placed
14840,Not Placed
7670,Placed
38176,Placed
29344,Not Placed
6861,Not Placed
41954,Placed
9693,Not Placed
33363,Not Placed
37403,Placed
34996,Placed
11486,Not Placed
196,Not Placed
38068,Placed
13788,Not Placed
7530,Not Placed
24863,Not Placed
15019,Not Placed
45033,Not Placed
18036,Placed
35797,Placed
6751,Placed
34986,Not Placed
29825,Placed
17168,Not Placed
46454,Not Placed
34467,Not Placed
37103,Placed
39899,Placed
25566,Not Placed
36014,Not Placed
5352,Not Placed
26484,Not Placed
21807,Not Placed
1746,Placed
47659,Placed
12601,Not Placed
44020,Not Placed
43716,Not Placed
24821,Placed
33051,Placed
48436,Not Placed
23647,Placed
18363,Placed
28234,Not Placed
12977,Placed
31380,Not Placed
18037,Placed
2388,Not Placed
36898,Not Placed
12208,Not Placed
31337,Not Placed
36635,Placed
46359,Placed
18183,Not Placed
28363,Placed
44749,Placed
22560,Not Placed
33327,Placed
21913,Not Placed
20585,Not Placed
38278,Not Placed
43014,Not Placed
6925,Placed
47140,Not Placed
19209,Placed
23263,Not Placed
23862,Not Placed
12702,Not Placed
14737,Placed
38582,Not Placed
18645,Placed
46616,Not Placed
41121,Placed
1942,Placed
15645,Not Placed
8235,Placed
49311,Not Placed
28905,Not Placed
3145,Not Placed
22318,Not Placed
36903,Placed
27153,Placed
46614,Not Placed
48791,Not Placed
47224,Not Placed
15543,Placed
3729,Placed
41280,Not Placed
4937,Not Placed
8360,Not Placed
13300,Not Placed
16034,Placed
28909,Not Placed
43091,Placed
40919,Not Placed
40526,Not Placed
32499,Not Placed
36135,Placed
4864,Not Placed
17607,Not Placed
21172,Not Placed
14878,Placed
17629,Not Placed
30687,Placed
11529,Not Placed
2670,Not Placed
37235,Placed
6199,Not Placed
38699,Not Placed
35993,Not Placed
24753,Not Placed
32082,Not Placed
44103,Not Placed
32394,Placed
15721,Not Placed
10497,Placed
17057,Not Placed
11855,Not Placed
12422,Placed
26010,Placed
1300,Placed
34632,Placed
35297,Not Placed
33535,Not Placed
7318,Not Placed
49284,Not Placed
2560,Not Placed
28327,Placed
41960,Not Placed
33180,Not Placed
30126,Not Placed
20652,Not Placed
3869,Placed
8614,Not Placed
9032,Not Placed
40303,Not Placed
46206,Not Placed
9556,Placed
42438,Not Placed
29423,Placed
48502,Not Placed
22754,Placed
15791,Placed
44628,Not Placed
4971,Placed
42002,Placed
46104,Not Placed
23108,Placed
45211,Placed
32066,Not Placed
48646,Not Placed
26148,Placed
37291,Placed
31576,Not Placed
32906,Placed
25521,Placed
3570,Not Placed
32153,Not Placed
37086,Placed
13987,Not Placed
7908,Not Placed
42300,Not Placed
11475,Placed
14901,Placed
2900,Not Placed
41406,Not Placed
10034,Not Placed
13306,Placed
32734,Not Placed
161,Placed
2165,Placed
17199,Placed
32245,Placed
12997,Placed
46301,Placed
31691,Placed
19098,Placed
5573,Not Placed
25268,Not Placed
12063,Not Placed
38767,Not Placed
38539,Not Placed
18614,Placed
17595,Not Placed
38720,Not Placed
33264,Not Placed
24598,Not Placed
13839,Not Placed
3700,Not Placed
33172,Not Placed
1845,Placed
38862,Placed
45932,Placed
35841,Not Placed
29187,Placed
31282,Not Placed
5181,Not Placed
2832,Not Placed
41788,Not Placed
43180,Placed
42001,Placed
44104,Not Placed
18532,Not Placed
43919,Not Placed
14766,Placed
49062,Placed
46818,Not Placed
22424,Not Placed
10221,Not Placed
11846,Not Placed
43472,Not Placed
16756,Placed
31000,Not Placed
32137,Placed
41895,Not Placed
13589,Not Placed
8543,Not Placed
48856,Not Placed
2539,Placed
9014,Not Placed
45209,Not Placed
35038,Placed
9232,Not Placed
5311,Not Placed
10619,Placed
46985,Placed
33307,Placed
14932,Placed
15422,Not Placed
18517,Not Placed
11537,Placed
8424,Not Placed
3088,Placed
21321,Not Placed
11156,Not Placed
22553,Placed
41967,Placed
11893,Not Placed
36705,Placed
1570,Placed
6528,Not Placed
6171,Placed
30624,Placed
45836,Not Placed
46292,Not Placed
4344,Not Placed
25829,Not Placed
4709,Not Placed
39996,Placed
3775,Placed
41886,Not Placed
34934,Placed
37935,Not Placed
11607,Placed
8904,Not Placed
3503,Not Placed
27337,Placed
5195,Not Placed
3922,Placed
11849,Placed
33707,Not Placed
21756,Not Placed
20602,Not Placed
26470,Placed
33211,Not Placed
39422,Placed
48981,Not Placed
46627,Not Placed
37981,Not Placed
28326,Not Placed
14037,Placed
20597,Placed
13814,Not Placed
9316,Not Placed
32098,Placed
34031,Placed
2262,Placed
18572,Placed
48077,Not Placed
13454,Placed
18058,Not Placed
47217,Placed
2904,Not Placed
33836,Not Placed
4671,Not Placed
15926,Placed
41801,Not Placed
34690,Not Placed
45588,Not Placed
31487,Not Placed
21113,Not Placed
35870,Not Placed
17996,Placed
23978,Not Placed
10930,Placed
19066,Not Placed
765,Not Placed
42852,Placed
47928,Placed
5725,Not Placed
41167,Not Placed
27562,Not Placed
22466,Not Placed
39461,Not Placed
42985,Placed
9281,Placed
27494,Placed
24773,Not Placed
40053,Not Placed
43582,Not Placed
24066,Placed
14175,Not Placed
13534,Not Placed
46706,Placed
10703,Not Placed
40691,Not Placed
25773,Placed
38370,Not Placed
16457,Not Placed
10785,Placed
1862,Not Placed
47016,Not Placed
49352,Not Placed
20426,Placed
245,Placed
33337,Not Placed
5312,Not Placed
34133,Not Placed
4652,Not Placed
35347,Not Placed
17852,Not Placed
34837,Not Placed
21062,Not Placed
3046,Placed
18202,Placed
37779,Not Placed
40482,Placed
32725,Placed
15932,Not Placed
22152,Not Placed
17025,Placed
42366,Placed
7159,Not Placed
31994,Not Placed
6646,Not Placed
2252,Placed
14511,Not Placed
26057,Not Placed
33794,Not Placed
29115,Placed
34078,Placed
38484,Placed
2885,Not Placed
696,Not Placed
18699,Not Placed
46564,Not Placed
4841,Not Placed
26959,Not Placed
1225,Placed
5385,Placed
18808,Not Placed
45930,Not Placed
14244,Not Placed
21866,Placed
45014,Not Placed
14506,Placed
3247,Placed
49619,Not Placed
7893,Placed
32410,Not Placed
19970,Not Placed
30764,Not Placed
20573,Not Placed
16677,Placed
17926,Placed
48637,Placed
36658,Not Placed
16316,Placed
23319,Placed
26644,Not Placed
2340,Not Placed
48611,Not Placed
37099,Not Placed
21755,Not Placed
49640,Placed
29746,Placed
19954,Not Placed
31189,Not Placed
30607,Not Placed
1177,Not Placed
20300,Placed
5958,Not Placed
36685,Not Placed
40038,Not Placed
12338,Not Placed
15242,Not Placed
43478,Not Placed
22636,Not Placed
47903,Placed
12918,Not Placed
1191,Not Placed
44792,Placed
21463,Placed
41761,Not Placed
39093,Placed
20673,Not Placed
27679,Placed
36460,Not Placed
12934,Placed
25281,Not Placed
3502,Placed
41087,Placed
7805,Not Placed
26466,Not Placed
23763,Placed
38389,Placed
24755,Not Placed
19896,Placed
30694,Placed
42883,Not Placed
32722,Not Placed
7257,Not Placed
11835,Not Placed
7162,Placed
40693,Placed
45384,Placed
913,Not Placed
43736,Placed
31930,Placed
16811,Not Placed
13015,Placed
33996,Placed
41346,Placed
5284,Not Placed
19017,Not Placed
6823,Placed
21245,Placed
10748,Not Placed
34369,Not Placed
31616,Not Placed
7663,Placed
26517,Placed
3605,Not Placed
11309,Placed
42655,Not Placed
39882,Placed
42966,Placed
39894,Placed
42180,Placed
48513,Placed
29396,Placed
39770,Not Placed
29923,Placed
19020,Placed
43334,Not Placed
33461,Not Placed
34893,Not Placed
19393,Placed
6170,Placed
33141,Placed
31512,Placed
15421,Not Placed
36963,Placed
34490,Not Placed
44978,Placed
21992,Placed
30762,Not Placed
8957,Not Placed
48241,Not Placed
16920,Not Placed
47189,Placed
12393,Not Placed
42310,Placed
27173,Not Placed
46660,Not Placed
49441,Not Placed
17331,Not Placed
4187,Not Placed
46623,Placed
10481,Not Placed
3362,Not Placed
22751,Placed
12564,Not Placed
43166,Not Placed
19836,Not Placed
33401,Not Placed
32286,Placed
18395,Not Placed
33650,Not Placed
23307,Placed
1573,Not Placed
13100,Not Placed
21749,Not Placed
21602,Placed
20667,Placed
39226,Not Placed
31846,Not Placed
37831,Placed
2956,Not Placed
10741,Not Placed
44341,Placed
3194,Not Placed
10937,Not Placed
44977,Not Placed
16799,Not Placed
36619,Not Placed
12919,Not Placed
46906,Not Placed
30604,Not Placed
12264,Placed
49410,Not Placed
46493,Placed
37298,Not Placed
16428,Not Placed
36151,Not Placed
8527,Not Placed
6586,Placed
45997,Not Placed
23689,Not Placed
32514,Not Placed
4442,Not Placed
43826,Not Placed
21233,Placed
48609,Placed
3052,Placed
48602,Not Placed
12255,Placed
4152,Placed
21717,Placed
34896,Placed
41206,Not Placed
28331,Placed
8422,Placed
27825,Not Placed
25808,Placed
20042,Placed
37412,Placed
26357,Placed
36626,Not Placed
44713,Not Placed
28122,Placed
24084,Placed
43823,Not Placed
11198,Not Placed
13428,Not Placed
45484,Placed
6309,Placed
22824,Not Placed
37719,Not Placed
47452,Placed
43449,Placed
21536,Not Placed
4666,Placed
23918,Placed
22582,Placed
28831,Placed
7731,Not Placed
24909,Not Placed
13286,Not Placed
27839,Not Placed
27080,Placed
22066,Not Placed
40392,Not Placed
1229,Placed
38508,Not Placed
16876,Not Placed
18724,Not Placed
18264,Not Placed
25088,Placed
12407,Not Placed
26760,Placed
40574,Placed
17921,Not Placed
35614,Placed
16565,Not Placed
40590,Not Placed
42445,Placed
2915,Not Placed
41089,Not Placed
12321,Placed
13639,Not Placed
17065,Not Placed
29054,Placed
42476,Placed
2133,Not Placed
31726,Not Placed
8809,Not Placed
46275,Placed
47671,Not Placed
15059,Not Placed
7614,Not Placed
2547,Placed
1126,Not Placed
32556,Not Placed
33473,Not Placed
42315,Placed
28681,Placed
2857,Placed
41828,Placed
47383,Not Placed
17884,Not Placed
18194,Not Placed
44148,Not Placed
42550,Placed
44278,Not Placed
7268,Not Placed
18616,Placed
2328,Not Placed
26840,Placed
11417,Placed
41604,Not Placed
28667,Placed
32815,Placed
6416,Not Placed
8766,Placed
35146,Not Placed
45449,Not Placed
22169,Not Placed
17688,Not Placed
24488,Placed
6208,Not Placed
42831,Not Placed
1571,Not Placed
19050,Not Placed
30817,Placed
36665,Not Placed
17050,Placed
35771,Not Placed
5018,Not Placed
31449,Placed
37687,Placed
4584,Placed
32015,Not Placed
40354,Not Placed
959,Not Placed
11563,Not Placed
12645,Not Placed
40527,Placed
45204,Not Placed
35521,Placed
13524,Not Placed
31640,Placed
6780,Placed
19138,Not Placed
9174,Placed
8867,Placed
3319,Placed
21757,Not Placed
23757,Placed
13257,Placed
631,Placed
46843,Placed
40874,Not Placed
20240,Not Placed
16735,Not Placed
6707,Placed
33067,Not Placed
3963,Placed
18491,Not Placed
30536,Not Placed
29595,Not Placed
48837,Placed
45150,Placed
602,Not Placed
4295,Not Placed
9837,Not Placed
1113,Not Placed
35875,Not Placed
20420,Placed
46008,Not Placed
28601,Not Placed
23495,Not Placed
4298,Not Placed
13338,Placed
38441,Not Placed
40457,Not Placed
34400,Not Placed
9751,Not Placed
7473,Not Placed
16434,Not Placed
5211,Not Placed
4846,Not Placed
33767,Not Placed
21442,Placed
45077,Placed
12479,Not Placed
45423,Not Placed
38410,Placed
4819,Placed
2125,Placed
43113,Not Placed
14082,Not Placed
47401,Placed
12383,Not Placed
32679,Placed
18573,Placed
8986,Placed
46089,Not Placed
19107,Not Placed
40776,Placed
41446,Not Placed
34248,Not Placed
3800,Not Placed
17832,Not Placed
3116,Not Placed
17666,Not Placed
39263,Not Placed
9134,Not Placed
40621,Placed
22011,Placed
44370,Not Placed
37850,Not Placed
35160,Not Placed
33217,Not Placed
41785,Not Placed
17350,Not Placed
23050,Placed
38507,Not Placed
13709,Not Placed
6013,Placed
33096,Not Placed
5878,Not Placed
1840,Placed
25466,Not Placed
29528,Not Placed
5257,Not Placed
40779,Not Placed
32130,Not Placed
3038,Not Placed
13740,Not Placed
8254,Not Placed
3802,Not Placed
24853,Not Placed
13073,Placed
10698,Not Placed
5817,Placed
49166,Not Placed
25844,Placed
5254,Placed
37130,Not Placed
45530,Not Placed
10173,Not Placed
34362,Placed
37900,Placed
42298,Not Placed
5512,Placed
8572,Not Placed
44839,Not Placed
44055,Not Placed
24950,Placed
41943,Not Placed
27926,Not Placed
27143,Not Placed
21609,Placed
3647,Placed
46750,Not Placed
20956,Not Placed
25145,Not Placed
13250,Placed
18075,Placed
26587,Placed
17524,Not Placed
15586,Placed
10675,Placed
17954,Not Placed
47813,Not Placed
15704,Not Placed
27757,Not Placed
40594,Placed
46674,Placed
12128,Not Placed
41391,Not Placed
15184,Not Placed
20192,Placed
7998,Placed
11949,Placed
22079,Not Placed
3953,Not Placed
42327,Not Placed
46560,Placed
1301,Not Placed
20185,Not Placed
39931,Placed
36722,Not Placed
25583,Not Placed
18054,Not Placed
17138,Not Placed
38022,Placed
16246,Placed
745,Not Placed
37278,Not Placed
45321,Placed
24617,Not Placed
20701,Not Placed
40182,Placed
32717,Placed
48163,Not Placed
42885,Not Placed
42472,Not Placed
11338,Placed
37524,Not Placed
20959,Placed
34010,Not Placed
15551,Not Placed
30143,Not Placed
29042,Not Placed
28296,Not Placed
5682,Not Placed
8443,Not Placed
37872,Not Placed
26874,Not Placed
10175,Not Placed
31256,Not Placed
31584,Not Placed
30920,Placed
47768,Placed
10323,Placed
11262,Placed
19027,Not Placed
42234,Not Placed
20615,Not Placed
15771,Not Placed
6963,Placed
49310,Placed
39198,Not Placed
30093,Not Placed
3058,Placed
19233,Not Placed
27810,Placed
6482,Placed
24013,Not Placed
43558,Not Placed
10774,Not Placed
46656,Not Placed
22620,Placed
48725,Not Placed
29451,Not Placed
24665,Not Placed
26614,Placed
15396,Not Placed
43954,Not Placed
36591,Not Placed
43149,Placed
26749,Not Placed
40487,Placed
29171,Placed
43411,Not Placed
22658,Placed
43353,Placed
46579,Placed
39875,Not Placed
11920,Not Placed
26778,Placed
13514,Placed
14391,Placed
7158,Not Placed
10818,Not Placed
31721,Not Placed
16319,Not Placed
46536,Not Placed
38549,Not Placed
7975,Not Placed
36984,Placed
12367,Not Placed
44945,Not Placed
12925,Not Placed
5876,Placed
48954,Placed
12035,Not Placed
49493,Placed
18439,Not Placed
46266,Placed
46140,Placed
16182,Not Placed
28045,Not Placed
14262,Not Placed
45491,Not Placed
28007,Not Placed
1707,Not Placed
24253,Not Placed
5009,Not Placed
33668,Not Placed
31525,Not Placed
741,Placed
10595,Not Placed
23025,Not Placed
39923,Not Placed
20106,Placed
9677,Placed
18010,Placed
46546,Not Placed
3268,Not Placed
11900,Placed
22794,Not Placed
41661,Not Placed
36804,Not Placed
30198,Not Placed
31893,Not Placed
25042,Placed
20103,Not Placed
41796,Not Placed
30894,Not Placed
47638,Placed
49792,Not Placed
41177,Placed
22115,Not Placed
48504,Not Placed
2950,Not Placed
25879,Placed
6670,Not Placed
43151,Not Placed
2090,Placed
35024,Placed
48266,Placed
15972,Placed
22837,Placed
14689,Placed
32636,Not Placed
30989,Not Placed
20987,Not Placed
25260,Not Placed
25324,Not Placed
35110,Not Placed
39941,Placed
42612,Placed
37433,Placed
33160,Placed
45173,Not Placed
41024,Not Placed
21482,Not Placed
6292,Placed
27273,Placed
17340,Placed
44888,Placed
766,Not Placed
24042,Placed
41653,Not Placed
14754,Placed
19604,Placed
41378,Placed
27211,Placed
14313,Placed
24833,Placed
32321,Not Placed
49946,Not Placed
23157,Placed
6849,Placed
30045,Placed
44868,Not Placed
5874,Not Placed
21012,Not Placed
37042,Placed
23305,Placed
25898,Placed
29093,Placed
41410,Not Placed
5688,Placed
30262,Placed
18113,Not Placed
498,Not Placed
3582,Not Placed
37759,Not Placed
6827,Placed
6872,Not Placed
3236,Not Placed
43868,Not Placed
18021,Not Placed
13608,Placed
48515,Not Placed
39319,Not Placed
15361,Placed
47524,Placed
46487,Placed
36780,Not Placed
32827,Not Placed
4936,Not Placed
6959,Not Placed
35759,Not Placed
42999,Not Placed
48537,Placed
22025,Placed
920,Not Placed
36614,Not Placed
31159,Placed
19838,Not Placed
14397,Not Placed
8837,Not Placed
977,Not Placed
33780,Not Placed
5218,Not Placed
42864,Not Placed
26864,Placed
19964,Not Placed
6698,Not Placed
33371,Not Placed
46810,Not Placed
32604,Not Placed
14791,Placed
17675,Not Placed
3921,Placed
6397,Not Placed
41859,Placed
17922,Placed
37652,Not Placed
22981,Placed
9916,Not Placed
39030,Placed
24823,Not Placed
32427,Placed
17186,Not Placed
44681,Not Placed
1153,Not Placed
44245,Placed
18686,Not Placed
3712,Not Placed
3124,Not Placed
39828,Placed
17549,Placed
2259,Not Placed
19963,Not Placed
39357,Placed
769,Not Placed
44374,Placed
20797,Placed
21601,Placed
4876,Not Placed
22546,Not Placed
49356,Not Placed
48681,Not Placed
567,Not Placed
6888,Not Placed
1193,Placed
22525,Not Placed
18274,Not Placed
36444,Placed
2181,Not Placed
35331,Not Placed
32390,Not Placed
24404,Not Placed
10345,Placed
10807,Not Placed
8150,Not Placed
24659,Not Placed
32249,Not Placed
39789,Placed
4017,Not Placed
36008,Not Placed
32869,Not Placed
49075,Not Placed
19688,Not Placed
1953,Not Placed
28303,Not Placed
28439,Not Placed
5918,Placed
43174,Not Placed
39930,Not Placed
10771,Not Placed
27666,Not Placed
586,Not Placed
41211,Placed
32129,Placed
33460,Placed
10886,Not Placed
38151,Not Placed
44646,Not Placed
5128,Placed
10007,Not Placed
48274,Placed
7048,Placed
7494,Placed
27282,Placed
5043,Not Placed
10047,Placed
1502,Placed
10448,Placed
5137,Placed
26735,Not Placed
19775,Not Placed
595,Not Placed
13062,Placed
27870,Placed
19347,Placed
44518,Placed
48497,Placed
18921,Not Placed
9307,Not Placed
47138,Not Placed
19576,Not Placed
27323,Not Placed
45253,Not Placed
13878,Not Placed
35015,Not Placed
8960,Not Placed
34152,Not Placed
6085,Not Placed
46338,Not Placed
47541,Not Placed
44947,Not Placed
5276,Placed
46391,Not Placed
27847,Not Placed
40952,Placed
13220,Not Placed
16912,Not Placed
29256,Placed
38802,Not Placed
37909,Placed
788,Placed
45437,Not Placed
37537,Not Placed
22895,Placed
17072,Placed
25872,Placed
19469,Not Placed
35533,Placed
606,Placed
41711,Placed
46055,Not Placed
40503,Placed
25040,Placed
48106,Placed
22629,Not Placed
15345,Placed
5439,Placed
13717,Not Placed
25617,Placed
46718,Placed
37169,Not Placed
5593,Not Placed
8457,Not Placed
36848,Placed
26442,Placed
4830,Not Placed
25020,Not Placed
26394,Not Placed
17416,Placed
7042,Not Placed
1462,Placed
18190,Not Placed
36117,Not Placed
23953,Placed
10217,Not Placed
16896,Not Placed
6335,Not Placed
48437,Placed
14552,Placed
9993,Not Placed
24567,Not Placed
37188,Not Placed
292,Not Placed
44183,Not Placed
4538,Not Placed
30663,Placed
6774,Placed
39306,Placed
9620,Not Placed
38805,Not Placed
33754,Not Placed
30440,Not Placed
39640,Not Placed
13857,Not Placed
21748,Placed
28294,Not Placed
33561,Not Placed
722,Placed
29298,Placed
38045,Not Placed
29912,Not Placed
10613,Placed
27165,Not Placed
22453,Not Placed
2752,Not Placed
15359,Placed
21971,Not Placed
18985,Placed
781,Not Placed
323,Not Placed
7866,Not Placed
42931,Not Placed
37283,Not Placed
24344,Placed
10140,Placed
30223,Placed
26880,Not Placed
23079,Placed
4653,Placed
19125,Placed
9144,Not Placed
44937,Not Placed
38002,Not Placed
29630,Placed
28646,Placed
20267,Not Placed
7134,Not Placed
34008,Placed
2541,Placed
19495,Placed
7950,Not Placed
48604,Placed
47464,Not Placed
3144,Not Placed
47860,Placed
5719,Not Placed
28549,Not Placed
26967,Not Placed
13085,Not Placed
28550,Not Placed
38550,Not Placed
36913,Not Placed
33228,Placed
27019,Placed
26051,Not Placed
9838,Placed
15822,Not Placed
49298,Placed
13411,Not Placed
49654,Not Placed
10717,Placed
7198,Not Placed
40492,Not Placed
44569,Not Placed
11717,Placed
21860,Not Placed
34243,Not Placed
32375,Not Placed
9903,Not Placed
43467,Not Placed
49411,Not Placed
8174,Not Placed
15903,Placed
17208,Not Placed
8623,Not Placed
22538,Not Placed
27843,Not Placed
29966,Not Placed
38476,Not Placed
31889,Placed
49302,Placed
34160,Not Placed
3404,Not Placed
15431,Placed
26297,Placed
47482,Placed
8611,Placed
5476,Not Placed
1272,Not Placed
5806,Not Placed
8691,Placed
15187,Placed
45342,Placed
23242,Placed
19670,Not Placed
23441,Placed
27346,Not Placed
18768,Placed
36584,Not Placed
9164,Not Placed
38698,Not Placed
43605,Not Placed
11372,Not Placed
43007,Placed
23110,Placed
604,Not Placed
14495,Placed
45401,Placed
42609,Placed
23962,Not Placed
16039,Not Placed
23807,Placed
29273,Placed
47038,Placed
29356,Not Placed
38819,Placed
35574,Not Placed
22104,Placed
40535,Placed
17217,Not Placed
36509,Not Placed
9696,Not Placed
22353,Not Placed
20761,Placed
36968,Placed
26958,Not Placed
43518,Placed
26000,Not Placed
17916,Placed
36447,Not Placed
22933,Not Placed
34230,Placed
10940,Not Placed
34449,Not Placed
12823,Not Placed
21656,Not Placed
32367,Not Placed
30319,Not Placed
2911,Not Placed
12839,Placed
49097,Placed
37541,Placed
28625,Not Placed
27532,Placed
20592,Not Placed
19586,Placed
19244,Not Placed
2287,Placed
28214,Placed
33812,Placed
21872,Not Placed
31608,Placed
41393,Not Placed
30497,Not Placed
33489,Placed
15143,Placed
16897,Placed
4118,Not Placed
24924,Placed
1246,Placed
13590,Not Placed
25384,Placed
11238,Not Placed
36091,Not Placed
23342,Placed
31916,Placed
17487,Placed
26328,Placed
1188,Not Placed
33609,Placed
23677,Not Placed
49865,Not Placed
43147,Not Placed
42145,Not Placed
10071,Not Placed
35602,Placed
25071,Placed
29428,Placed
40012,Placed
18011,Not Placed
21516,Placed
23371,Placed
37093,Placed
3448,Not Placed
30684,Not Placed
7085,Placed
5614,Not Placed
42950,Placed
13342,Not Placed
3366,Not Placed
37708,Not Placed
36406,Placed
15248,Not Placed
31075,Placed
29409,Not Placed
11267,Placed
42311,Not Placed
10453,Not Placed
6083,Placed
6722,Not Placed
27183,Not Placed
12216,Not Placed
44669,Placed
25069,Not Placed
6315,Not Placed
1236,Not Placed
40315,Not Placed
13229,Placed
47014,Placed
41976,Not Placed
49522,Placed
10582,Placed
47341,Not Placed
25017,Placed
48568,Not Placed
46416,Placed
1760,Placed
40532,Placed
49140,Not Placed
10327,Not Placed
2088,Not Placed
8386,Not Placed
46845,Not Placed
18208,Placed
9742,Not Placed
25571,Placed
20152,Not Placed
27352,Not Placed
15842,Not Placed
18621,Not Placed
7237,Placed
40984,Not Placed
25512,Not Placed
39209,Placed
6775,Not Placed
10945,Placed
12391,Not Placed
19121,Placed
15899,Not Placed
290,Not Placed
4218,Placed
33899,Placed
6889,Not Placed
9720,Not Placed
4924,Not Placed
5182,Not Placed
44822,Placed
48447,Not Placed
48014,Not Placed
44616,Placed
33286,Not Placed
2478,Not Placed
5860,Not Placed
25467,Not Placed
13207,Not Placed
1013,Placed
35211,Not Placed
8009,Placed
7598,Not Placed
10269,Placed
36915,Not Placed
39182,Not Placed
41414,Placed
29682,Placed
10338,Not Placed
30080,Not Placed
45191,Not Placed
794,Not Placed
31484,Placed
32389,Placed
8758,Not Placed
20232,Placed
4536,Placed
19529,Placed
4611,Placed
29466,Placed
30142,Placed
4631,Placed
43459,Placed
8888,Placed
24883,Not Placed
35855,Not Placed
133,Placed
32208,Not Placed
14084,Not Placed
11002,Not Placed
1910,Not Placed
40523,Not Placed
26450,Placed
21206,Not Placed
46486,Placed
39910,Placed
48698,Placed
3049,Placed
39089,Not Placed
1404,Not Placed
36077,Placed
14786,Not Placed
820,Placed
49114,Not Placed
36123,Not Placed
26350,Not Placed
35126,Not Placed
39313,Placed
24623,Not Placed
29389,Not Placed
34034,Placed
17266,Not Placed
8349,Placed
44221,Not Placed
7641,Placed
46880,Not Placed
5473,Not Placed
8065,Not Placed
14116,Placed
21089,Placed
48179,Placed
12950,Not Placed
39302,Placed
26703,Not Placed
43122,Not Placed
13228,Not Placed
24939,Placed
2556,Not Placed
49004,Not Placed
36264,Placed
13896,Placed
45843,Not Placed
31596,Not Placed
49957,Not Placed
33392,Placed
15776,Not Placed
47239,Placed
1569,Not Placed
4601,Not Placed
27766,Not Placed
3284,Not Placed
43347,Not Placed
35717,Placed
15958,Placed
40474,Not Placed
1943,Placed
49800,Not Placed
31007,Placed
19256,Not Placed
15279,Not Placed
22801,Not Placed
9000,Not Placed
39415,Placed
41200,Placed
48176,Placed
25470,Placed
19474,Not Placed
23844,Not Placed
33680,Not Placed
21942,Not Placed
34171,Not Placed
19015,Not Placed
36695,Not Placed
9858,Placed
34210,Not Placed
35213,Not Placed
41362,Not Placed
41695,Placed
16345,Placed
35774,Placed
14032,Placed
43924,Not Placed
35046,Not Placed
25628,Placed
6035,Not Placed
10358,Placed
27292,Placed
19357,Placed
47329,Placed
42532,Not Placed
20376,Not Placed
26230,Placed
20684,Not Placed
10348,Not Placed
24680,Not Placed
43240,Not Placed
33726,Not Placed
7957,Not Placed
5417,Placed
38294,Placed
25002,Not Placed
7671,Placed
34297,Not Placed
5194,Not Placed
37602,Placed
6117,Placed
34763,Placed
32054,Not Placed
7447,Not Placed
45615,Not Placed
19761,Placed
13346,Placed
49955,Not Placed
45799,Placed
49491,Not Placed
10027,Placed
43961,Placed
39761,Not Placed
48779,Not Placed
15441,Placed
14196,Not Placed
5051,Not Placed
4613,Not Placed
435,Not Placed
20370,Not Placed
9808,Placed
13943,Not Placed
11741,Not Placed
33583,Not Placed
28199,Not Placed
36174,Not Placed
21343,Placed
20403,Placed
35928,Not Placed
18103,Not Placed
29210,Placed
22737,Not Placed
9359,Not Placed
43870,Not Placed
44347,Not Placed
44709,Not Placed
24380,Not Placed
1009,Not Placed
31213,Not Placed
1449,Placed
49510,Placed
36443,Not Placed
7144,Placed
18993,Placed
49205,Not Placed
3989,Not Placed
49836,Not Placed
31179,Not Placed
5399,Not Placed
36241,Placed
49962,Not Placed
49398,Not Placed
1516,Not Placed
49456,Not Placed
39919,Not Placed
9839,Placed
43046,Not Placed
43483,Not Placed
19252,Not Placed
46369,Placed
30184,Not Placed
5660,Not Placed
23943,Placed
49030,Placed
26700,Placed
7393,Not Placed
20538,Placed
33895,Placed
38905,Not Placed
12790,Not Placed
17712,Placed
19782,Not Placed
47556,Not Placed
13984,Not Placed
26527,Placed
790,Placed
41430,Not Placed
49395,Not Placed
26831,Placed
20938,Not Placed
12522,Not Placed
20475,Placed
18292,Not Placed
12692,Placed
36805,Placed
13083,Not Placed
35123,Placed
36434,Placed
2123,Placed
27963,Not Placed
7549,Not Placed
22477,Not Placed
10525,Not Placed
8292,Placed
27450,Placed
10579,Not Placed
29104,Placed
4490,Not Placed
13013,Not Placed
22788,Not Placed
46283,Not Placed
7579,Placed
37967,Not Placed
33646,Not Placed
23639,Placed
23612,Placed
12,Not Placed
27596,Not Placed
14168,Not Placed
2944,Placed
14594,Placed
3235,Not Placed
18646,Not Placed
835,Not Placed
47518,Placed
29034,Placed
23593,Not Placed
32732,Placed
30473,Not Placed
45657,Not Placed
20430,Not Placed
18865,Placed
12498,Not Placed
315,Not Placed
36817,Not Placed
34604,Placed
49635,Placed
37544,Not Placed
37515,Not Placed
1945,Not Placed
36870,Not Placed
8158,Not Placed
1010,Not Placed
25792,Not Placed
41856,Placed
29013,Placed
23729,Placed
19962,Not Placed
9018,Not Placed
26494,Placed
2952,Not Placed
37985,Not Placed
11407,Not Placed
29533,Placed
964,Not Placed
36103,Not Placed
18848,Placed
21451,Placed
39703,Not Placed
19973,Placed
1400,Not Placed
22539,Not Placed
18340,Placed
18102,Placed
1712,Not Placed
9737,Not Placed
33428,Not Placed
39139,Not Placed
45454,Placed
27348,Not Placed
26862,Not Placed
41678,Not Placed
22302,Not Placed
39747,Placed
1309,Not Placed
11320,Not Placed
21382,Not Placed
37939,Not Placed
5023,Placed
35911,Placed
15651,Not Placed
30955,Placed
36026,Not Placed
48478,Not Placed
29082,Not Placed
31372,Placed
705,Not Placed
29972,Not Placed
37371,Placed
28042,Not Placed
4966,Placed
28794,Not Placed
25627,Not Placed
6392,Not Placed
10998,Not Placed
33894,Placed
18473,Placed
49716,Placed
16614,Not Placed
23216,Placed
26716,Placed
31867,Placed
49053,Not Placed
6179,Placed
14964,Not Placed
46434,Not Placed
42017,Placed
28334,Not Placed
48523,Not Placed
40415,Not Placed
44660,Not Placed
15955,Not Placed
28419,Placed
8190,Placed
18002,Not Placed
29979,Not Placed
39076,Not Placed
26654,Not Placed
49326,Not Placed
14707,Placed
9480,Not Placed
14212,Placed
28803,Not Placed
39650,Placed
15906,Placed
27703,Placed
34588,Not Placed
18099,Placed
7977,Not Placed
10073,Not Placed
15536,Not Placed
18311,Not Placed
45979,Not Placed
42531,Not Placed
5576,Not Placed
20349,Not Placed
27706,Not Placed
675,Placed
7353,Not Placed
8968,Not Placed
24395,Not Placed
36097,Placed
37685,Not Placed
3021,Not Placed
516,Not Placed
43675,Not Placed
28526,Not Placed
26246,Not Placed
39025,Placed
27898,Placed
16254,Placed
3115,Placed
2642,Not Placed
31392,Placed
24766,Placed
49528,Placed
45202,Placed
24831,Placed
44783,Not Placed
23243,Placed
26081,Not Placed
11613,Placed
18819,Not Placed
9619,Not Placed
20798,Placed
47382,Not Placed
4453,Not Placed
25655,Not Placed
31158,Placed
46521,Placed
9411,Placed
18916,Not Placed
30568,Placed
17403,Not Placed
45728,Placed
29203,Placed
46793,Not Placed
27309,Not Placed
16259,Placed
21211,Not Placed
7264,Placed
12120,Placed
46714,Not Placed
34358,Not Placed
33032,Placed
14291,Not Placed
23065,Placed
37829,Placed
22199,Not Placed
44071,Not Placed
32437,Placed
42098,Not Placed
46562,Placed
32946,Not Placed
9430,Placed
140,Not Placed
41001,Placed
5166,Placed
30571,Placed
16697,Not Placed
44267,Not Placed
28489,Not Placed
37059,Placed
44608,Placed
43330,Placed
41952,Not Placed
17422,Placed
8188,Placed
2294,Not Placed
39723,Placed
5534,Not Placed
37693,Not Placed
43324,Not Placed
31590,Not Placed
23553,Not Placed
9689,Not Placed
7873,Not Placed
4357,Not Placed
48554,Placed
29673,Not Placed
6429,Placed
22940,Not Placed
42304,Placed
36506,Placed
28053,Not Placed
45902,Placed
31013,Placed
28072,Not Placed
8671,Not Placed
8066,Not Placed
20499,Placed
13023,Not Placed
11534,Not Placed
26335,Not Placed
35515,Not Placed
49194,Not Placed
34923,Placed
41312,Not Placed
3530,Placed
18979,Not Placed
3621,Not Placed
12613,Not Placed
31711,Placed
14885,Not Placed
26664,Placed
22436,Placed
8199,Placed
45891,Placed
8288,Not Placed
10833,Not Placed
30706,Placed
39709,Not Placed
31461,Placed
13233,Placed
19709,Not Placed
11154,Not Placed
13901,Placed
1841,Placed
26184,Placed
14557,Not Placed
23967,Placed
30060,Not Placed
21774,Not Placed
47304,Not Placed
37879,Placed
4155,Placed
1485,Not Placed
14872,Placed
13028,Placed
33692,Not Placed
19283,Not Placed
36834,Not Placed
27634,Placed
259,Placed
10247,Placed
46196,Placed
33643,Not Placed
17419,Not Placed
16090,Not Placed
17809,Not Placed
33994,Placed
8444,Placed
15989,Placed
5059,Not Placed
19785,Not Placed
36798,Not Placed
35092,Placed
16481,Placed
34132,Not Placed
17315,Not Placed
32558,Placed
20491,Not Placed
33226,Placed
5131,Not Placed
8705,Not Placed
36387,Not Placed
11425,Not Placed
12494,Not Placed
17649,Not Placed
13973,Not Placed
49301,Not Placed
34784,Placed
24523,Not Placed
29286,Not Placed
15611,Placed
44328,Not Placed
11520,Not Placed
12726,Not Placed
12296,Not Placed
37301,Not Placed
23169,Not Placed
10475,Not Placed
12177,Placed
22254,Placed
14299,Not Placed
37718,Not Placed
4732,Not Placed
43299,Not Placed
47498,Not Placed
28295,Placed
5237,Placed
39229,Placed
26542,Not Placed
37153,Not Placed
13507,Not Placed
14200,Placed
32634,Placed
14671,Not Placed
14472,Placed
1366,Placed
24737,Placed
46829,Placed
27413,Not Placed
42546,Not Placed
1138,Not Placed
37443,Not Placed
5215,Not Placed
38079,Not Placed
16066,Not Placed
48424,Placed
43809,Not Placed
36106,Not Placed
45081,Placed
5659,Placed
14877,Not Placed
7097,Placed
18755,Not Placed
7867,Not Placed
12089,Placed
39071,Not Placed
23949,Placed
1042,Placed
2596,Placed
36324,Not Placed
20981,Not Placed
17193,Not Placed
16060,Placed
8624,Placed
8496,Placed
49706,Not Placed
11326,Placed
12678,Not Placed
18816,Not Placed
28166,Not Placed
42726,Not Placed
9828,Not Placed
18953,Placed
2739,Not Placed
30038,Not Placed
42418,Not Placed
42830,Placed
23678,Not Placed
36698,Placed
36783,Not Placed
9387,Placed
25515,Not Placed
47912,Not Placed
1119,Placed
35171,Placed
48211,Placed
13308,Placed
42474,Placed
41658,Not Placed
15358,Not Placed
5538,Not Placed
10098,Placed
42241,Not Placed
7744,Not Placed
15339,Not Placed
45402,Not Placed
9955,Not Placed
34205,Placed
31922,Not Placed
246,Not Placed
36802,Not Placed
26522,Not Placed
19765,Not Placed
31024,Not Placed
20298,Not Placed
48498,Placed
20917,Not Placed
32252,Not Placed
12766,Not Placed
29721,Not Placed
10956,Not Placed
41259,Placed
42259,Not Placed
44767,Not Placed
18269,Not Placed
30541,Not Placed
38872,Placed
20054,Placed
20283,Not Placed
43543,Not Placed
5290,Not Placed
12761,Placed
47763,Not Placed
29872,Not Placed
447,Not Placed
17120,Placed
13648,Placed
48472,Not Placed
40640,Not Placed
46999,Placed
3816,Not Placed
41368,Placed
44562,Placed
